# Renewables.ninja Wind (Point API) - 55.691, 12.560 - Version: 1.1 - License: https://creativecommons.org/licenses/by-nc/4.0/ - Reference: https://doi.org/10.1016/j.energy.2016.08.068,,,,,,,,,,,,
# Units: time in UTC, local_time in Europe/Copenhagen, electricity in kW,,,,,,,,,,,
"# {""units"": {""time"": ""UTC"""," ""local_time"": ""Europe/Copenhagen"""," ""electricity"": ""kW""}"," ""params"": {""local_time"": true"," ""header"": true"," ""lat"": ""55.69110072960672"""," ""lon"": ""12.559526944719893"""," ""date_from"": ""2019-01-01"""," ""date_to"": ""2019-12-31"""," ""dataset"": ""merra2"""," ""capacity"": ""150"""," ""height"": ""100"""," ""turbine"": ""Vestas V90 2000"""," ""raw"": false}}"
time,local_time,electricity,,,,,,,,,,,
01/03/2019 00:00,01/03/2019 01:00,6.865,,,,,,,,,,,
01/03/2019 01:00,01/03/2019 02:00,4.242,,,,,,,,,,,
01/03/2019 02:00,01/03/2019 03:00,3.269,,,,,,,,,,,
01/03/2019 03:00,01/03/2019 04:00,3.002,,,,,,,,,,,
01/03/2019 04:00,01/03/2019 05:00,2.338,,,,,,,,,,,
01/03/2019 05:00,01/03/2019 06:00,2.064,,,,,,,,,,,
01/03/2019 06:00,01/03/2019 07:00,2.13,,,,,,,,,,,
01/03/2019 07:00,01/03/2019 08:00,1.793,,,,,,,,,,,
01/03/2019 08:00,01/03/2019 09:00,1.697,,,,,,,,,,,
01/03/2019 09:00,01/03/2019 10:00,4.796,,,,,,,,,,,
01/03/2019 10:00,01/03/2019 11:00,9.514,,,,,,,,,,,
01/03/2019 11:00,01/03/2019 12:00,14.276,,,,,,,,,,,
01/03/2019 12:00,01/03/2019 13:00,16.606,,,,,,,,,,,
01/03/2019 13:00,01/03/2019 14:00,17.184,,,,,,,,,,,
01/03/2019 14:00,01/03/2019 15:00,17.96,,,,,,,,,,,
01/03/2019 15:00,01/03/2019 16:00,22.834,,,,,,,,,,,
01/03/2019 16:00,01/03/2019 17:00,30.302,,,,,,,,,,,
01/03/2019 17:00,01/03/2019 18:00,36.11,,,,,,,,,,,
01/03/2019 18:00,01/03/2019 19:00,41.162,,,,,,,,,,,
01/03/2019 19:00,01/03/2019 20:00,45.739,,,,,,,,,,,
01/03/2019 20:00,01/03/2019 21:00,46.686,,,,,,,,,,,
01/03/2019 21:00,01/03/2019 22:00,44.999,,,,,,,,,,,
01/03/2019 22:00,01/03/2019 23:00,44.997,,,,,,,,,,,
01/03/2019 23:00,02/03/2019 00:00,49.161,,,,,,,,,,,
02/03/2019 00:00,02/03/2019 01:00,51.736,,,,,,,,,,,
02/03/2019 01:00,02/03/2019 02:00,51.833,,,,,,,,,,,
02/03/2019 02:00,02/03/2019 03:00,50.755,,,,,,,,,,,
02/03/2019 03:00,02/03/2019 04:00,49.736,,,,,,,,,,,
02/03/2019 04:00,02/03/2019 05:00,49.35,,,,,,,,,,,
02/03/2019 05:00,02/03/2019 06:00,49.322,,,,,,,,,,,
02/03/2019 06:00,02/03/2019 07:00,49.971,,,,,,,,,,,
02/03/2019 07:00,02/03/2019 08:00,52.067,,,,,,,,,,,
02/03/2019 08:00,02/03/2019 09:00,56.938,,,,,,,,,,,
02/03/2019 09:00,02/03/2019 10:00,57.422,,,,,,,,,,,
02/03/2019 10:00,02/03/2019 11:00,54.159,,,,,,,,,,,
02/03/2019 11:00,02/03/2019 12:00,52.392,,,,,,,,,,,
02/03/2019 12:00,02/03/2019 13:00,54.642,,,,,,,,,,,
02/03/2019 13:00,02/03/2019 14:00,58.25,,,,,,,,,,,
02/03/2019 14:00,02/03/2019 15:00,58.596,,,,,,,,,,,
02/03/2019 15:00,02/03/2019 16:00,57.844,,,,,,,,,,,
02/03/2019 16:00,02/03/2019 17:00,76.892,,,,,,,,,,,
02/03/2019 17:00,02/03/2019 18:00,89.796,,,,,,,,,,,
02/03/2019 18:00,02/03/2019 19:00,94.026,,,,,,,,,,,
02/03/2019 19:00,02/03/2019 20:00,96.11,,,,,,,,,,,
02/03/2019 20:00,02/03/2019 21:00,103.151,,,,,,,,,,,
02/03/2019 21:00,02/03/2019 22:00,110.715,,,,,,,,,,,
02/03/2019 22:00,02/03/2019 23:00,113.18,,,,,,,,,,,
02/03/2019 23:00,03/03/2019 00:00,113.595,,,,,,,,,,,
03/03/2019 00:00,03/03/2019 01:00,115.809,,,,,,,,,,,
03/03/2019 01:00,03/03/2019 02:00,121.755,,,,,,,,,,,
03/03/2019 02:00,03/03/2019 03:00,126.772,,,,,,,,,,,
03/03/2019 03:00,03/03/2019 04:00,132.247,,,,,,,,,,,
03/03/2019 04:00,03/03/2019 05:00,129.224,,,,,,,,,,,
03/03/2019 05:00,03/03/2019 06:00,131.112,,,,,,,,,,,
03/03/2019 06:00,03/03/2019 07:00,139.469,,,,,,,,,,,
03/03/2019 07:00,03/03/2019 08:00,144.717,,,,,,,,,,,
03/03/2019 08:00,03/03/2019 09:00,138.739,,,,,,,,,,,
03/03/2019 09:00,03/03/2019 10:00,141.094,,,,,,,,,,,
03/03/2019 10:00,03/03/2019 11:00,141.42,,,,,,,,,,,
03/03/2019 11:00,03/03/2019 12:00,139.917,,,,,,,,,,,
03/03/2019 12:00,03/03/2019 13:00,136.609,,,,,,,,,,,
03/03/2019 13:00,03/03/2019 14:00,130.984,,,,,,,,,,,
03/03/2019 14:00,03/03/2019 15:00,123.923,,,,,,,,,,,
03/03/2019 15:00,03/03/2019 16:00,114.237,,,,,,,,,,,
03/03/2019 16:00,03/03/2019 17:00,101.363,,,,,,,,,,,
03/03/2019 17:00,03/03/2019 18:00,99.461,,,,,,,,,,,
03/03/2019 18:00,03/03/2019 19:00,100.055,,,,,,,,,,,
03/03/2019 19:00,03/03/2019 20:00,98.752,,,,,,,,,,,
03/03/2019 20:00,03/03/2019 21:00,92.998,,,,,,,,,,,
03/03/2019 21:00,03/03/2019 22:00,76.411,,,,,,,,,,,
03/03/2019 22:00,03/03/2019 23:00,55.115,,,,,,,,,,,
03/03/2019 23:00,04/03/2019 00:00,51.619,,,,,,,,,,,
04/03/2019 00:00,04/03/2019 01:00,68.086,,,,,,,,,,,
04/03/2019 01:00,04/03/2019 02:00,93.331,,,,,,,,,,,
04/03/2019 02:00,04/03/2019 03:00,111.815,,,,,,,,,,,
04/03/2019 03:00,04/03/2019 04:00,123.529,,,,,,,,,,,
04/03/2019 04:00,04/03/2019 05:00,136.683,,,,,,,,,,,
04/03/2019 05:00,04/03/2019 06:00,133.026,,,,,,,,,,,
04/03/2019 06:00,04/03/2019 07:00,130.102,,,,,,,,,,,
04/03/2019 07:00,04/03/2019 08:00,130.977,,,,,,,,,,,
04/03/2019 08:00,04/03/2019 09:00,128.371,,,,,,,,,,,
04/03/2019 09:00,04/03/2019 10:00,130.685,,,,,,,,,,,
04/03/2019 10:00,04/03/2019 11:00,130.119,,,,,,,,,,,
04/03/2019 11:00,04/03/2019 12:00,137.103,,,,,,,,,,,
04/03/2019 12:00,04/03/2019 13:00,140.655,,,,,,,,,,,
04/03/2019 13:00,04/03/2019 14:00,141.417,,,,,,,,,,,
04/03/2019 14:00,04/03/2019 15:00,137.354,,,,,,,,,,,
04/03/2019 15:00,04/03/2019 16:00,136.451,,,,,,,,,,,
04/03/2019 16:00,04/03/2019 17:00,138.573,,,,,,,,,,,
04/03/2019 17:00,04/03/2019 18:00,141.821,,,,,,,,,,,
04/03/2019 18:00,04/03/2019 19:00,143.295,,,,,,,,,,,
04/03/2019 19:00,04/03/2019 20:00,145.005,,,,,,,,,,,
04/03/2019 20:00,04/03/2019 21:00,146.858,,,,,,,,,,,
04/03/2019 21:00,04/03/2019 22:00,147.838,,,,,,,,,,,
04/03/2019 22:00,04/03/2019 23:00,147.931,,,,,,,,,,,
04/03/2019 23:00,05/03/2019 00:00,147.444,,,,,,,,,,,
05/03/2019 00:00,05/03/2019 01:00,146.181,,,,,,,,,,,
05/03/2019 01:00,05/03/2019 02:00,144.012,,,,,,,,,,,
05/03/2019 02:00,05/03/2019 03:00,142.157,,,,,,,,,,,
05/03/2019 03:00,05/03/2019 04:00,141.267,,,,,,,,,,,
05/03/2019 04:00,05/03/2019 05:00,141.255,,,,,,,,,,,
05/03/2019 05:00,05/03/2019 06:00,140.504,,,,,,,,,,,
05/03/2019 06:00,05/03/2019 07:00,137.046,,,,,,,,,,,
05/03/2019 07:00,05/03/2019 08:00,133.199,,,,,,,,,,,
05/03/2019 08:00,05/03/2019 09:00,127.278,,,,,,,,,,,
05/03/2019 09:00,05/03/2019 10:00,122.431,,,,,,,,,,,
05/03/2019 10:00,05/03/2019 11:00,116.04,,,,,,,,,,,
05/03/2019 11:00,05/03/2019 12:00,105.798,,,,,,,,,,,
05/03/2019 12:00,05/03/2019 13:00,97.474,,,,,,,,,,,
05/03/2019 13:00,05/03/2019 14:00,82.055,,,,,,,,,,,
05/03/2019 14:00,05/03/2019 15:00,63.346,,,,,,,,,,,
05/03/2019 15:00,05/03/2019 16:00,47.13,,,,,,,,,,,
05/03/2019 16:00,05/03/2019 17:00,36.265,,,,,,,,,,,
05/03/2019 17:00,05/03/2019 18:00,27.348,,,,,,,,,,,
05/03/2019 18:00,05/03/2019 19:00,19.942,,,,,,,,,,,
05/03/2019 19:00,05/03/2019 20:00,26.825,,,,,,,,,,,
05/03/2019 20:00,05/03/2019 21:00,33.207,,,,,,,,,,,
05/03/2019 21:00,05/03/2019 22:00,39.739,,,,,,,,,,,
05/03/2019 22:00,05/03/2019 23:00,43.338,,,,,,,,,,,
05/03/2019 23:00,06/03/2019 00:00,43.701,,,,,,,,,,,
06/03/2019 00:00,06/03/2019 01:00,40.449,,,,,,,,,,,
06/03/2019 01:00,06/03/2019 02:00,38.009,,,,,,,,,,,
06/03/2019 02:00,06/03/2019 03:00,39.6,,,,,,,,,,,
06/03/2019 03:00,06/03/2019 04:00,46.754,,,,,,,,,,,
06/03/2019 04:00,06/03/2019 05:00,44.773,,,,,,,,,,,
06/03/2019 05:00,06/03/2019 06:00,50.894,,,,,,,,,,,
06/03/2019 06:00,06/03/2019 07:00,56.895,,,,,,,,,,,
06/03/2019 07:00,06/03/2019 08:00,71.456,,,,,,,,,,,
06/03/2019 08:00,06/03/2019 09:00,85.833,,,,,,,,,,,
06/03/2019 09:00,06/03/2019 10:00,96.612,,,,,,,,,,,
06/03/2019 10:00,06/03/2019 11:00,104.299,,,,,,,,,,,
06/03/2019 11:00,06/03/2019 12:00,105.295,,,,,,,,,,,
06/03/2019 12:00,06/03/2019 13:00,106.704,,,,,,,,,,,
06/03/2019 13:00,06/03/2019 14:00,106.964,,,,,,,,,,,
06/03/2019 14:00,06/03/2019 15:00,113.152,,,,,,,,,,,
06/03/2019 15:00,06/03/2019 16:00,125.663,,,,,,,,,,,
06/03/2019 16:00,06/03/2019 17:00,132.38,,,,,,,,,,,
06/03/2019 17:00,06/03/2019 18:00,137.155,,,,,,,,,,,
06/03/2019 18:00,06/03/2019 19:00,139.466,,,,,,,,,,,
06/03/2019 19:00,06/03/2019 20:00,139.786,,,,,,,,,,,
06/03/2019 20:00,06/03/2019 21:00,139.791,,,,,,,,,,,
06/03/2019 21:00,06/03/2019 22:00,138.085,,,,,,,,,,,
06/03/2019 22:00,06/03/2019 23:00,134.153,,,,,,,,,,,
06/03/2019 23:00,07/03/2019 00:00,129.868,,,,,,,,,,,
07/03/2019 00:00,07/03/2019 01:00,123.419,,,,,,,,,,,
07/03/2019 01:00,07/03/2019 02:00,114.804,,,,,,,,,,,
07/03/2019 02:00,07/03/2019 03:00,107.655,,,,,,,,,,,
07/03/2019 03:00,07/03/2019 04:00,104.547,,,,,,,,,,,
07/03/2019 04:00,07/03/2019 05:00,100.226,,,,,,,,,,,
07/03/2019 05:00,07/03/2019 06:00,94.684,,,,,,,,,,,
07/03/2019 06:00,07/03/2019 07:00,89.143,,,,,,,,,,,
07/03/2019 07:00,07/03/2019 08:00,89.156,,,,,,,,,,,
07/03/2019 08:00,07/03/2019 09:00,92.298,,,,,,,,,,,
07/03/2019 09:00,07/03/2019 10:00,91.464,,,,,,,,,,,
07/03/2019 10:00,07/03/2019 11:00,98.739,,,,,,,,,,,
07/03/2019 11:00,07/03/2019 12:00,106.538,,,,,,,,,,,
07/03/2019 12:00,07/03/2019 13:00,109.372,,,,,,,,,,,
07/03/2019 13:00,07/03/2019 14:00,132.739,,,,,,,,,,,
07/03/2019 14:00,07/03/2019 15:00,147.23,,,,,,,,,,,
07/03/2019 15:00,07/03/2019 16:00,148.702,,,,,,,,,,,
07/03/2019 16:00,07/03/2019 17:00,148.424,,,,,,,,,,,
07/03/2019 17:00,07/03/2019 18:00,146.653,,,,,,,,,,,
07/03/2019 18:00,07/03/2019 19:00,143.865,,,,,,,,,,,
07/03/2019 19:00,07/03/2019 20:00,139.868,,,,,,,,,,,
07/03/2019 20:00,07/03/2019 21:00,139.691,,,,,,,,,,,
07/03/2019 21:00,07/03/2019 22:00,140.879,,,,,,,,,,,
07/03/2019 22:00,07/03/2019 23:00,143.061,,,,,,,,,,,
07/03/2019 23:00,08/03/2019 00:00,143.716,,,,,,,,,,,
08/03/2019 00:00,08/03/2019 01:00,145.139,,,,,,,,,,,
08/03/2019 01:00,08/03/2019 02:00,145.592,,,,,,,,,,,
08/03/2019 02:00,08/03/2019 03:00,144.871,,,,,,,,,,,
08/03/2019 03:00,08/03/2019 04:00,143.557,,,,,,,,,,,
08/03/2019 04:00,08/03/2019 05:00,138.436,,,,,,,,,,,
08/03/2019 05:00,08/03/2019 06:00,135.839,,,,,,,,,,,
08/03/2019 06:00,08/03/2019 07:00,135.839,,,,,,,,,,,
08/03/2019 07:00,08/03/2019 08:00,137.685,,,,,,,,,,,
08/03/2019 08:00,08/03/2019 09:00,144.393,,,,,,,,,,,
08/03/2019 09:00,08/03/2019 10:00,148.62,,,,,,,,,,,
08/03/2019 10:00,08/03/2019 11:00,146.689,,,,,,,,,,,
08/03/2019 11:00,08/03/2019 12:00,142.217,,,,,,,,,,,
08/03/2019 12:00,08/03/2019 13:00,141.949,,,,,,,,,,,
08/03/2019 13:00,08/03/2019 14:00,144.116,,,,,,,,,,,
08/03/2019 14:00,08/03/2019 15:00,146.27,,,,,,,,,,,
08/03/2019 15:00,08/03/2019 16:00,148.573,,,,,,,,,,,
08/03/2019 16:00,08/03/2019 17:00,147.861,,,,,,,,,,,
08/03/2019 17:00,08/03/2019 18:00,145.71,,,,,,,,,,,
08/03/2019 18:00,08/03/2019 19:00,143.595,,,,,,,,,,,
08/03/2019 19:00,08/03/2019 20:00,140.762,,,,,,,,,,,
08/03/2019 20:00,08/03/2019 21:00,136.456,,,,,,,,,,,
08/03/2019 21:00,08/03/2019 22:00,129.876,,,,,,,,,,,
08/03/2019 22:00,08/03/2019 23:00,123.989,,,,,,,,,,,
08/03/2019 23:00,09/03/2019 00:00,121.696,,,,,,,,,,,
09/03/2019 00:00,09/03/2019 01:00,112.347,,,,,,,,,,,
09/03/2019 01:00,09/03/2019 02:00,109.715,,,,,,,,,,,
09/03/2019 02:00,09/03/2019 03:00,112.641,,,,,,,,,,,
09/03/2019 03:00,09/03/2019 04:00,120.291,,,,,,,,,,,
09/03/2019 04:00,09/03/2019 05:00,120.329,,,,,,,,,,,
09/03/2019 05:00,09/03/2019 06:00,128.962,,,,,,,,,,,
09/03/2019 06:00,09/03/2019 07:00,139.932,,,,,,,,,,,
09/03/2019 07:00,09/03/2019 08:00,144.718,,,,,,,,,,,
09/03/2019 08:00,09/03/2019 09:00,144.648,,,,,,,,,,,
09/03/2019 09:00,09/03/2019 10:00,148.325,,,,,,,,,,,
09/03/2019 10:00,09/03/2019 11:00,148.655,,,,,,,,,,,
09/03/2019 11:00,09/03/2019 12:00,148.691,,,,,,,,,,,
09/03/2019 12:00,09/03/2019 13:00,148.692,,,,,,,,,,,
09/03/2019 13:00,09/03/2019 14:00,148.675,,,,,,,,,,,
09/03/2019 14:00,09/03/2019 15:00,148.688,,,,,,,,,,,
09/03/2019 15:00,09/03/2019 16:00,148.364,,,,,,,,,,,
09/03/2019 16:00,09/03/2019 17:00,147.266,,,,,,,,,,,
09/03/2019 17:00,09/03/2019 18:00,145.664,,,,,,,,,,,
09/03/2019 18:00,09/03/2019 19:00,144.394,,,,,,,,,,,
09/03/2019 19:00,09/03/2019 20:00,143.944,,,,,,,,,,,
09/03/2019 20:00,09/03/2019 21:00,144.194,,,,,,,,,,,
09/03/2019 21:00,09/03/2019 22:00,145.586,,,,,,,,,,,
09/03/2019 22:00,09/03/2019 23:00,147.449,,,,,,,,,,,
09/03/2019 23:00,10/03/2019 00:00,148.684,,,,,,,,,,,
10/03/2019 00:00,10/03/2019 01:00,148.038,,,,,,,,,,,
10/03/2019 01:00,10/03/2019 02:00,147.71,,,,,,,,,,,
10/03/2019 02:00,10/03/2019 03:00,148.473,,,,,,,,,,,
10/03/2019 03:00,10/03/2019 04:00,148.425,,,,,,,,,,,
10/03/2019 04:00,10/03/2019 05:00,146.576,,,,,,,,,,,
10/03/2019 05:00,10/03/2019 06:00,140.807,,,,,,,,,,,
10/03/2019 06:00,10/03/2019 07:00,125.84,,,,,,,,,,,
10/03/2019 07:00,10/03/2019 08:00,117.957,,,,,,,,,,,
10/03/2019 08:00,10/03/2019 09:00,119.775,,,,,,,,,,,
10/03/2019 09:00,10/03/2019 10:00,117.915,,,,,,,,,,,
10/03/2019 10:00,10/03/2019 11:00,112.514,,,,,,,,,,,
10/03/2019 11:00,10/03/2019 12:00,103.718,,,,,,,,,,,
10/03/2019 12:00,10/03/2019 13:00,94.36,,,,,,,,,,,
10/03/2019 13:00,10/03/2019 14:00,84.22,,,,,,,,,,,
10/03/2019 14:00,10/03/2019 15:00,69.864,,,,,,,,,,,
10/03/2019 15:00,10/03/2019 16:00,61.756,,,,,,,,,,,
10/03/2019 16:00,10/03/2019 17:00,69.891,,,,,,,,,,,
10/03/2019 17:00,10/03/2019 18:00,80.77,,,,,,,,,,,
10/03/2019 18:00,10/03/2019 19:00,86.659,,,,,,,,,,,
10/03/2019 19:00,10/03/2019 20:00,86.235,,,,,,,,,,,
10/03/2019 20:00,10/03/2019 21:00,82.459,,,,,,,,,,,
10/03/2019 21:00,10/03/2019 22:00,76.887,,,,,,,,,,,
10/03/2019 22:00,10/03/2019 23:00,69.102,,,,,,,,,,,
10/03/2019 23:00,11/03/2019 00:00,66.481,,,,,,,,,,,
11/03/2019 00:00,11/03/2019 01:00,67.053,,,,,,,,,,,
11/03/2019 01:00,11/03/2019 02:00,62.496,,,,,,,,,,,
11/03/2019 02:00,11/03/2019 03:00,47.785,,,,,,,,,,,
11/03/2019 03:00,11/03/2019 04:00,31.22,,,,,,,,,,,
11/03/2019 04:00,11/03/2019 05:00,21.74,,,,,,,,,,,
11/03/2019 05:00,11/03/2019 06:00,19.115,,,,,,,,,,,
11/03/2019 06:00,11/03/2019 07:00,16.572,,,,,,,,,,,
11/03/2019 07:00,11/03/2019 08:00,9.849,,,,,,,,,,,
11/03/2019 08:00,11/03/2019 09:00,6.326,,,,,,,,,,,
11/03/2019 09:00,11/03/2019 10:00,8.112,,,,,,,,,,,
11/03/2019 10:00,11/03/2019 11:00,14.19,,,,,,,,,,,
11/03/2019 11:00,11/03/2019 12:00,24.837,,,,,,,,,,,
11/03/2019 12:00,11/03/2019 13:00,42.72,,,,,,,,,,,
11/03/2019 13:00,11/03/2019 14:00,66.636,,,,,,,,,,,
11/03/2019 14:00,11/03/2019 15:00,86.433,,,,,,,,,,,
11/03/2019 15:00,11/03/2019 16:00,90.825,,,,,,,,,,,
11/03/2019 16:00,11/03/2019 17:00,89.831,,,,,,,,,,,
11/03/2019 17:00,11/03/2019 18:00,90.742,,,,,,,,,,,
11/03/2019 18:00,11/03/2019 19:00,88.701,,,,,,,,,,,
11/03/2019 19:00,11/03/2019 20:00,90.86,,,,,,,,,,,
11/03/2019 20:00,11/03/2019 21:00,90.576,,,,,,,,,,,
11/03/2019 21:00,11/03/2019 22:00,83.306,,,,,,,,,,,
11/03/2019 22:00,11/03/2019 23:00,68.497,,,,,,,,,,,
11/03/2019 23:00,12/03/2019 00:00,54.243,,,,,,,,,,,
12/03/2019 00:00,12/03/2019 01:00,50.512,,,,,,,,,,,
12/03/2019 01:00,12/03/2019 02:00,56.346,,,,,,,,,,,
12/03/2019 02:00,12/03/2019 03:00,64.783,,,,,,,,,,,
12/03/2019 03:00,12/03/2019 04:00,73.252,,,,,,,,,,,
12/03/2019 04:00,12/03/2019 05:00,73.83,,,,,,,,,,,
12/03/2019 05:00,12/03/2019 06:00,65.274,,,,,,,,,,,
12/03/2019 06:00,12/03/2019 07:00,59.911,,,,,,,,,,,
12/03/2019 07:00,12/03/2019 08:00,57.264,,,,,,,,,,,
12/03/2019 08:00,12/03/2019 09:00,59.263,,,,,,,,,,,
12/03/2019 09:00,12/03/2019 10:00,66.225,,,,,,,,,,,
12/03/2019 10:00,12/03/2019 11:00,80.3,,,,,,,,,,,
12/03/2019 11:00,12/03/2019 12:00,90.573,,,,,,,,,,,
12/03/2019 12:00,12/03/2019 13:00,100.643,,,,,,,,,,,
12/03/2019 13:00,12/03/2019 14:00,112.65,,,,,,,,,,,
12/03/2019 14:00,12/03/2019 15:00,123.777,,,,,,,,,,,
12/03/2019 15:00,12/03/2019 16:00,131.283,,,,,,,,,,,
12/03/2019 16:00,12/03/2019 17:00,137.18,,,,,,,,,,,
12/03/2019 17:00,12/03/2019 18:00,142.949,,,,,,,,,,,
12/03/2019 18:00,12/03/2019 19:00,145.723,,,,,,,,,,,
12/03/2019 19:00,12/03/2019 20:00,145.71,,,,,,,,,,,
12/03/2019 20:00,12/03/2019 21:00,145.505,,,,,,,,,,,
12/03/2019 21:00,12/03/2019 22:00,144.476,,,,,,,,,,,
12/03/2019 22:00,12/03/2019 23:00,143.804,,,,,,,,,,,
12/03/2019 23:00,13/03/2019 00:00,144.154,,,,,,,,,,,
13/03/2019 00:00,13/03/2019 01:00,143.627,,,,,,,,,,,
13/03/2019 01:00,13/03/2019 02:00,142.256,,,,,,,,,,,
13/03/2019 02:00,13/03/2019 03:00,135.415,,,,,,,,,,,
13/03/2019 03:00,13/03/2019 04:00,127.807,,,,,,,,,,,
13/03/2019 04:00,13/03/2019 05:00,128.376,,,,,,,,,,,
13/03/2019 05:00,13/03/2019 06:00,129.23,,,,,,,,,,,
13/03/2019 06:00,13/03/2019 07:00,132.119,,,,,,,,,,,
13/03/2019 07:00,13/03/2019 08:00,140.285,,,,,,,,,,,
13/03/2019 08:00,13/03/2019 09:00,145.942,,,,,,,,,,,
13/03/2019 09:00,13/03/2019 10:00,146.844,,,,,,,,,,,
13/03/2019 10:00,13/03/2019 11:00,147.492,,,,,,,,,,,
13/03/2019 11:00,13/03/2019 12:00,147.802,,,,,,,,,,,
13/03/2019 12:00,13/03/2019 13:00,147.71,,,,,,,,,,,
13/03/2019 13:00,13/03/2019 14:00,147.888,,,,,,,,,,,
13/03/2019 14:00,13/03/2019 15:00,148.131,,,,,,,,,,,
13/03/2019 15:00,13/03/2019 16:00,147.911,,,,,,,,,,,
13/03/2019 16:00,13/03/2019 17:00,146.938,,,,,,,,,,,
13/03/2019 17:00,13/03/2019 18:00,145.079,,,,,,,,,,,
13/03/2019 18:00,13/03/2019 19:00,140.547,,,,,,,,,,,
13/03/2019 19:00,13/03/2019 20:00,131.886,,,,,,,,,,,
13/03/2019 20:00,13/03/2019 21:00,120.609,,,,,,,,,,,
13/03/2019 21:00,13/03/2019 22:00,106.042,,,,,,,,,,,
13/03/2019 22:00,13/03/2019 23:00,67.728,,,,,,,,,,,
13/03/2019 23:00,14/03/2019 00:00,51.223,,,,,,,,,,,
14/03/2019 00:00,14/03/2019 01:00,76.677,,,,,,,,,,,
14/03/2019 01:00,14/03/2019 02:00,108.738,,,,,,,,,,,
14/03/2019 02:00,14/03/2019 03:00,119.774,,,,,,,,,,,
14/03/2019 03:00,14/03/2019 04:00,124.856,,,,,,,,,,,
14/03/2019 04:00,14/03/2019 05:00,120.207,,,,,,,,,,,
14/03/2019 05:00,14/03/2019 06:00,113.899,,,,,,,,,,,
14/03/2019 06:00,14/03/2019 07:00,107.68,,,,,,,,,,,
14/03/2019 07:00,14/03/2019 08:00,100.86,,,,,,,,,,,
14/03/2019 08:00,14/03/2019 09:00,103.102,,,,,,,,,,,
14/03/2019 09:00,14/03/2019 10:00,109.089,,,,,,,,,,,
14/03/2019 10:00,14/03/2019 11:00,116.777,,,,,,,,,,,
14/03/2019 11:00,14/03/2019 12:00,121.757,,,,,,,,,,,
14/03/2019 12:00,14/03/2019 13:00,118.425,,,,,,,,,,,
14/03/2019 13:00,14/03/2019 14:00,110.339,,,,,,,,,,,
14/03/2019 14:00,14/03/2019 15:00,108.921,,,,,,,,,,,
14/03/2019 15:00,14/03/2019 16:00,111.204,,,,,,,,,,,
14/03/2019 16:00,14/03/2019 17:00,109.358,,,,,,,,,,,
14/03/2019 17:00,14/03/2019 18:00,101.343,,,,,,,,,,,
14/03/2019 18:00,14/03/2019 19:00,93.857,,,,,,,,,,,
14/03/2019 19:00,14/03/2019 20:00,80.55,,,,,,,,,,,
14/03/2019 20:00,14/03/2019 21:00,67.441,,,,,,,,,,,
14/03/2019 21:00,14/03/2019 22:00,56.787,,,,,,,,,,,
14/03/2019 22:00,14/03/2019 23:00,47.35,,,,,,,,,,,
14/03/2019 23:00,15/03/2019 00:00,40.441,,,,,,,,,,,
15/03/2019 00:00,15/03/2019 01:00,35.512,,,,,,,,,,,
15/03/2019 01:00,15/03/2019 02:00,39.556,,,,,,,,,,,
15/03/2019 02:00,15/03/2019 03:00,54.891,,,,,,,,,,,
15/03/2019 03:00,15/03/2019 04:00,79.822,,,,,,,,,,,
15/03/2019 04:00,15/03/2019 05:00,101.111,,,,,,,,,,,
15/03/2019 05:00,15/03/2019 06:00,109.332,,,,,,,,,,,
15/03/2019 06:00,15/03/2019 07:00,107.997,,,,,,,,,,,
15/03/2019 07:00,15/03/2019 08:00,105.071,,,,,,,,,,,
15/03/2019 08:00,15/03/2019 09:00,100.376,,,,,,,,,,,
15/03/2019 09:00,15/03/2019 10:00,90.335,,,,,,,,,,,
15/03/2019 10:00,15/03/2019 11:00,84.578,,,,,,,,,,,
15/03/2019 11:00,15/03/2019 12:00,82.517,,,,,,,,,,,
15/03/2019 12:00,15/03/2019 13:00,96.488,,,,,,,,,,,
15/03/2019 13:00,15/03/2019 14:00,112.605,,,,,,,,,,,
15/03/2019 14:00,15/03/2019 15:00,122.839,,,,,,,,,,,
15/03/2019 15:00,15/03/2019 16:00,121.978,,,,,,,,,,,
15/03/2019 16:00,15/03/2019 17:00,119.977,,,,,,,,,,,
15/03/2019 17:00,15/03/2019 18:00,143.557,,,,,,,,,,,
15/03/2019 18:00,15/03/2019 19:00,148.308,,,,,,,,,,,
15/03/2019 19:00,15/03/2019 20:00,148.658,,,,,,,,,,,
15/03/2019 20:00,15/03/2019 21:00,148.647,,,,,,,,,,,
15/03/2019 21:00,15/03/2019 22:00,148.148,,,,,,,,,,,
15/03/2019 22:00,15/03/2019 23:00,146.309,,,,,,,,,,,
15/03/2019 23:00,16/03/2019 00:00,142.982,,,,,,,,,,,
16/03/2019 00:00,16/03/2019 01:00,136.453,,,,,,,,,,,
16/03/2019 01:00,16/03/2019 02:00,127.283,,,,,,,,,,,
16/03/2019 02:00,16/03/2019 03:00,120.431,,,,,,,,,,,
16/03/2019 03:00,16/03/2019 04:00,120.461,,,,,,,,,,,
16/03/2019 04:00,16/03/2019 05:00,128.171,,,,,,,,,,,
16/03/2019 05:00,16/03/2019 06:00,128.693,,,,,,,,,,,
16/03/2019 06:00,16/03/2019 07:00,129.22,,,,,,,,,,,
16/03/2019 07:00,16/03/2019 08:00,132.392,,,,,,,,,,,
16/03/2019 08:00,16/03/2019 09:00,136.122,,,,,,,,,,,
16/03/2019 09:00,16/03/2019 10:00,132.84,,,,,,,,,,,
16/03/2019 10:00,16/03/2019 11:00,129.039,,,,,,,,,,,
16/03/2019 11:00,16/03/2019 12:00,123.23,,,,,,,,,,,
16/03/2019 12:00,16/03/2019 13:00,114.081,,,,,,,,,,,
16/03/2019 13:00,16/03/2019 14:00,97.929,,,,,,,,,,,
16/03/2019 14:00,16/03/2019 15:00,84.041,,,,,,,,,,,
16/03/2019 15:00,16/03/2019 16:00,73.025,,,,,,,,,,,
16/03/2019 16:00,16/03/2019 17:00,69.204,,,,,,,,,,,
16/03/2019 17:00,16/03/2019 18:00,75.944,,,,,,,,,,,
16/03/2019 18:00,16/03/2019 19:00,94.945,,,,,,,,,,,
16/03/2019 19:00,16/03/2019 20:00,115.783,,,,,,,,,,,
16/03/2019 20:00,16/03/2019 21:00,124.08,,,,,,,,,,,
16/03/2019 21:00,16/03/2019 22:00,120.796,,,,,,,,,,,
16/03/2019 22:00,16/03/2019 23:00,124.671,,,,,,,,,,,
16/03/2019 23:00,17/03/2019 00:00,134.585,,,,,,,,,,,
17/03/2019 00:00,17/03/2019 01:00,141.089,,,,,,,,,,,
17/03/2019 01:00,17/03/2019 02:00,145.229,,,,,,,,,,,
17/03/2019 02:00,17/03/2019 03:00,147.088,,,,,,,,,,,
17/03/2019 03:00,17/03/2019 04:00,146.427,,,,,,,,,,,
17/03/2019 04:00,17/03/2019 05:00,146.121,,,,,,,,,,,
17/03/2019 05:00,17/03/2019 06:00,146.217,,,,,,,,,,,
17/03/2019 06:00,17/03/2019 07:00,146.24,,,,,,,,,,,
17/03/2019 07:00,17/03/2019 08:00,145.343,,,,,,,,,,,
17/03/2019 08:00,17/03/2019 09:00,142.59,,,,,,,,,,,
17/03/2019 09:00,17/03/2019 10:00,141.912,,,,,,,,,,,
17/03/2019 10:00,17/03/2019 11:00,142.639,,,,,,,,,,,
17/03/2019 11:00,17/03/2019 12:00,145.611,,,,,,,,,,,
17/03/2019 12:00,17/03/2019 13:00,147.591,,,,,,,,,,,
17/03/2019 13:00,17/03/2019 14:00,148.247,,,,,,,,,,,
17/03/2019 14:00,17/03/2019 15:00,148.221,,,,,,,,,,,
17/03/2019 15:00,17/03/2019 16:00,148.213,,,,,,,,,,,
17/03/2019 16:00,17/03/2019 17:00,148.197,,,,,,,,,,,
17/03/2019 17:00,17/03/2019 18:00,148.297,,,,,,,,,,,
17/03/2019 18:00,17/03/2019 19:00,148.527,,,,,,,,,,,
17/03/2019 19:00,17/03/2019 20:00,148.65,,,,,,,,,,,
17/03/2019 20:00,17/03/2019 21:00,148.591,,,,,,,,,,,
17/03/2019 21:00,17/03/2019 22:00,148.559,,,,,,,,,,,
17/03/2019 22:00,17/03/2019 23:00,148.504,,,,,,,,,,,
17/03/2019 23:00,18/03/2019 00:00,148.513,,,,,,,,,,,
18/03/2019 00:00,18/03/2019 01:00,148.379,,,,,,,,,,,
18/03/2019 01:00,18/03/2019 02:00,148.335,,,,,,,,,,,
18/03/2019 02:00,18/03/2019 03:00,148.116,,,,,,,,,,,
18/03/2019 03:00,18/03/2019 04:00,147.564,,,,,,,,,,,
18/03/2019 04:00,18/03/2019 05:00,147.066,,,,,,,,,,,
18/03/2019 05:00,18/03/2019 06:00,146.337,,,,,,,,,,,
18/03/2019 06:00,18/03/2019 07:00,144.39,,,,,,,,,,,
18/03/2019 07:00,18/03/2019 08:00,141.926,,,,,,,,,,,
18/03/2019 08:00,18/03/2019 09:00,139.574,,,,,,,,,,,
18/03/2019 09:00,18/03/2019 10:00,134.957,,,,,,,,,,,
18/03/2019 10:00,18/03/2019 11:00,130.682,,,,,,,,,,,
18/03/2019 11:00,18/03/2019 12:00,128.608,,,,,,,,,,,
18/03/2019 12:00,18/03/2019 13:00,129.227,,,,,,,,,,,
18/03/2019 13:00,18/03/2019 14:00,131.535,,,,,,,,,,,
18/03/2019 14:00,18/03/2019 15:00,132.843,,,,,,,,,,,
18/03/2019 15:00,18/03/2019 16:00,129.23,,,,,,,,,,,
18/03/2019 16:00,18/03/2019 17:00,124.279,,,,,,,,,,,
18/03/2019 17:00,18/03/2019 18:00,120.394,,,,,,,,,,,
18/03/2019 18:00,18/03/2019 19:00,122.192,,,,,,,,,,,
18/03/2019 19:00,18/03/2019 20:00,124.305,,,,,,,,,,,
18/03/2019 20:00,18/03/2019 21:00,119.948,,,,,,,,,,,
18/03/2019 21:00,18/03/2019 22:00,111.812,,,,,,,,,,,
18/03/2019 22:00,18/03/2019 23:00,97.568,,,,,,,,,,,
18/03/2019 23:00,19/03/2019 00:00,83.466,,,,,,,,,,,
19/03/2019 00:00,19/03/2019 01:00,71.806,,,,,,,,,,,
19/03/2019 01:00,19/03/2019 02:00,64.222,,,,,,,,,,,
19/03/2019 02:00,19/03/2019 03:00,59.262,,,,,,,,,,,
19/03/2019 03:00,19/03/2019 04:00,56.792,,,,,,,,,,,
19/03/2019 04:00,19/03/2019 05:00,57.848,,,,,,,,,,,
19/03/2019 05:00,19/03/2019 06:00,62.934,,,,,,,,,,,
19/03/2019 06:00,19/03/2019 07:00,60.596,,,,,,,,,,,
19/03/2019 07:00,19/03/2019 08:00,60.325,,,,,,,,,,,
19/03/2019 08:00,19/03/2019 09:00,69.432,,,,,,,,,,,
19/03/2019 09:00,19/03/2019 10:00,75.425,,,,,,,,,,,
19/03/2019 10:00,19/03/2019 11:00,79.93,,,,,,,,,,,
19/03/2019 11:00,19/03/2019 12:00,85.267,,,,,,,,,,,
19/03/2019 12:00,19/03/2019 13:00,90.279,,,,,,,,,,,
19/03/2019 13:00,19/03/2019 14:00,91.918,,,,,,,,,,,
19/03/2019 14:00,19/03/2019 15:00,85.518,,,,,,,,,,,
19/03/2019 15:00,19/03/2019 16:00,65.278,,,,,,,,,,,
19/03/2019 16:00,19/03/2019 17:00,39.669,,,,,,,,,,,
19/03/2019 17:00,19/03/2019 18:00,27.022,,,,,,,,,,,
19/03/2019 18:00,19/03/2019 19:00,25.829,,,,,,,,,,,
19/03/2019 19:00,19/03/2019 20:00,39.342,,,,,,,,,,,
19/03/2019 20:00,19/03/2019 21:00,60.858,,,,,,,,,,,
19/03/2019 21:00,19/03/2019 22:00,75.378,,,,,,,,,,,
19/03/2019 22:00,19/03/2019 23:00,80.552,,,,,,,,,,,
19/03/2019 23:00,20/03/2019 00:00,84.263,,,,,,,,,,,
20/03/2019 00:00,20/03/2019 01:00,89.795,,,,,,,,,,,
20/03/2019 01:00,20/03/2019 02:00,88.841,,,,,,,,,,,
20/03/2019 02:00,20/03/2019 03:00,82.319,,,,,,,,,,,
20/03/2019 03:00,20/03/2019 04:00,81.407,,,,,,,,,,,
20/03/2019 04:00,20/03/2019 05:00,89.634,,,,,,,,,,,
20/03/2019 05:00,20/03/2019 06:00,100.226,,,,,,,,,,,
20/03/2019 06:00,20/03/2019 07:00,106.185,,,,,,,,,,,
20/03/2019 07:00,20/03/2019 08:00,110.62,,,,,,,,,,,
20/03/2019 08:00,20/03/2019 09:00,111.745,,,,,,,,,,,
20/03/2019 09:00,20/03/2019 10:00,115.311,,,,,,,,,,,
20/03/2019 10:00,20/03/2019 11:00,125.986,,,,,,,,,,,
20/03/2019 11:00,20/03/2019 12:00,126.566,,,,,,,,,,,
20/03/2019 12:00,20/03/2019 13:00,119.546,,,,,,,,,,,
20/03/2019 13:00,20/03/2019 14:00,116.245,,,,,,,,,,,
20/03/2019 14:00,20/03/2019 15:00,110.141,,,,,,,,,,,
20/03/2019 15:00,20/03/2019 16:00,99.869,,,,,,,,,,,
20/03/2019 16:00,20/03/2019 17:00,91.704,,,,,,,,,,,
20/03/2019 17:00,20/03/2019 18:00,92.298,,,,,,,,,,,
20/03/2019 18:00,20/03/2019 19:00,96.013,,,,,,,,,,,
20/03/2019 19:00,20/03/2019 20:00,96.342,,,,,,,,,,,
20/03/2019 20:00,20/03/2019 21:00,91.915,,,,,,,,,,,
20/03/2019 21:00,20/03/2019 22:00,89.346,,,,,,,,,,,
20/03/2019 22:00,20/03/2019 23:00,84.026,,,,,,,,,,,
20/03/2019 23:00,21/03/2019 00:00,72.218,,,,,,,,,,,
